{"A": 11.778632354961697, "B": 9.531841682406597, "C": 10.203629181337648, "D": 11.092310801350823, "E": 11.850315998163506, "F": 10.415052902637118, "G": 9.809176873064887, "H": 8.781401907682376, "I": 11.003525359334166, "J": 7.5858751124251285, "K": 5.998802622858916, "L": 8.637816633739975, "M": 8.388284449437283, "N": 9.762406000860704, "O": 7.928714827807569, "P": 7.226936018493289, "Q": 8.555847015280133, "R": 8.719079376200066}